name,cat,muscle,presc,unit,log_type,status,image_url,video_url,difficulty,secondary_muscles,movement_pattern,instructions,common_mistakes,alternatives
Behind the Back Wrist Curl (Barbell),Barbell,Forearms,3x15,reps,strength,existing,,,,,,,,
Bench Press (Barbell),Barbell,Chest,4x8,reps,strength,existing,,,,,,,,
Bench Press - Close Grip (Barbell),Barbell,Chest,4x8,reps,strength,existing,,,,,,,,
Bench Press - Wide Grip (Barbell),Barbell,Chest,4x8,reps,strength,existing,,,,,,,,
Bent Over Row (Barbell),Barbell,Upper Back,4x8,reps,strength,existing,,,,,,,,
Bent Over Row - Underhand (Barbell),Barbell,Upper Back,4x8,reps,strength,existing,,,,,,,,
Bicep Curl (Barbell),Barbell,Biceps,3x12,reps,strength,existing,,,,,,,,
Box Squat (Barbell),Barbell,Quadriceps,4x8,reps,strength,existing,,,,,,,,
Bulgarian Split Squat (Barbell),Barbell,Quadriceps,4x8,reps,strength,existing,,,,,,,,
Deadlift (Barbell),Barbell,Glutes,4x8,reps,strength,existing,,,,,,,,
Deadlift (Trap bar),Barbell,Glutes,4x8,reps,strength,existing,,,,,,,,
Decline Bench Press (Barbell),Barbell,Chest,4x8,reps,strength,existing,,,,,,,,
EZ Bar Biceps Curl,Barbell,Biceps,3x12,reps,strength,existing,,,,,,,,
Feet Up Bench Press (Barbell),Barbell,Chest,4x8,reps,strength,existing,,,,,,,,
Floor Press (Barbell),Barbell,Chest,4x8,reps,strength,existing,,,,,,,,
Front Raise (Barbell),Barbell,Shoulders,3x12,reps,strength,existing,,,,,,,,
Glute Bridge (Barbell),Barbell,Glutes,4x8,reps,strength,existing,,,,,,,,
Good Morning (Barbell),Barbell,Hamstrings,4x8,reps,strength,existing,,,,,,,,
Hip Thrust (Barbell),Barbell,Glutes,4x8,reps,strength,existing,,,,,,,,
Incline Bench Press (Barbell),Barbell,Chest,4x8,reps,strength,existing,,,,,,,,
JM Press (Barbell),Barbell,Triceps,3x12,reps,strength,existing,,,,,,,,
Landmine 180,Barbell,Abdominals,3x15,reps,strength,existing,,,,,,,,
Landmine Row,Barbell,Upper Back,4x8,reps,strength,existing,,,,,,,,
Landmine Squat and Press,Barbell,Full Body,4x8,reps,strength,existing,,,,,,,,
Lunge (Barbell),Barbell,Quadriceps,4x8,reps,strength,existing,,,,,,,,
Meadows Rows (Barbell),Barbell,Upper Back,4x8,reps,strength,existing,,,,,,,,
Overhead Press (Barbell),Barbell,Shoulders,3x12,reps,strength,existing,,,,,,,,
Partial Glute Bridge (Barbell),Barbell,Glutes,4x8,reps,strength,existing,,,,,,,,
Pause Squat (Barbell),Barbell,Quadriceps,4x8,reps,strength,existing,,,,,,,,
Pendlay Row (Barbell),Barbell,Upper Back,4x8,reps,strength,existing,,,,,,,,
Preacher Curl (Barbell),Barbell,Biceps,3x12,reps,strength,existing,,,,,,,,
Reverse Curl (Barbell),Barbell,Biceps,3x12,reps,strength,existing,,,,,,,,
Reverse Lunge (Barbell),Barbell,Quadriceps,4x8,reps,strength,existing,,,,,,,,
Romanian Deadlift (Barbell),Barbell,Hamstrings,4x8,reps,strength,existing,,,,,,,,
Seal Row (Barbell),Barbell,Upper Back,4x8,reps,strength,existing,,,,,,,,
Seated Overhead Press (Barbell),Barbell,Shoulders,3x12,reps,strength,existing,,,,,,,,
Seated Wrist Curl (Barbell),Barbell,Forearms,3x15,reps,strength,existing,,,,,,,,
Seated Wrist Extension (Barbell),Barbell,Forearms,3x15,reps,strength,existing,,,,,,,,
Shrug (Barbell),Barbell,Traps,3x12,reps,strength,existing,,,,,,,,
Single Arm Landmine Press (Barbell),Barbell,Shoulders,3x12,reps,strength,existing,,,,,,,,
Single Leg Romanian Deadlift (Barbell),Barbell,Hamstrings,4x8,reps,strength,existing,,,,,,,,
Skullcrusher (Barbell),Barbell,Triceps,3x12,reps,strength,existing,,,,,,,,
Spider Curl (Barbell),Barbell,Biceps,3x12,reps,strength,existing,,,,,,,,
Squat (Barbell),Barbell,Quadriceps,4x8,reps,strength,existing,,,,,,,,
Standing Calf Raise (Barbell),Barbell,Calves,3x15,reps,strength,existing,,,,,,,,
Standing Military Press (Barbell),Barbell,Shoulders,3x12,reps,strength,existing,,,,,,,,
Sumo Squat (Barbell),Barbell,Quadriceps,4x8,reps,strength,existing,,,,,,,,
Thruster (Barbell),Barbell,Full Body,4x8,reps,strength,existing,,,,,,,,
Triceps Extension (Barbell),Barbell,Triceps,3x12,reps,strength,existing,,,,,,,,
Upright Row (Barbell),Barbell,Shoulders,3x12,reps,strength,existing,,,,,,,,
Arnold Press (Dumbbell),Dumbbell,Shoulders,3x12,reps,strength,existing,,,,,,,,
Bench Press (Dumbbell),Dumbbell,Chest,4x8,reps,strength,existing,,,,,,,,
Bent Over Row (Dumbbell),Dumbbell,Upper Back,4x8,reps,strength,existing,,,,,,,,
Bicep Curl (Dumbbell),Dumbbell,Biceps,3x12,reps,strength,existing,,,,,,,,
Bulgarian Split Squat (Dumbbell),Dumbbell,Quadriceps,4x8,reps,strength,existing,,,,,,,,
Chest Fly (Dumbbell),Dumbbell,Chest,4x8,reps,strength,existing,,,,,,,,
Chest Supported Incline Row (Dumbbell),Dumbbell,Upper Back,4x8,reps,strength,existing,,,,,,,,
Chest Supported Reverse Fly (Dumbbell),Dumbbell,Shoulders,3x12,reps,strength,existing,,,,,,,,
Chest Supported Y Raise (Dumbbell),Dumbbell,Shoulders,3x12,reps,strength,existing,,,,,,,,
Curtsy Lunge (Dumbbell),Dumbbell,Quadriceps,4x8,reps,strength,existing,,,,,,,,
Deadlift (Dumbbell),Dumbbell,Glutes,4x8,reps,strength,existing,,,,,,,,
Decline Bench Press (Dumbbell),Dumbbell,Chest,4x8,reps,strength,existing,,,,,,,,
Decline Chest Fly (Dumbbell),Dumbbell,Chest,4x8,reps,strength,existing,,,,,,,,
Dumbbell Row,Dumbbell,Lats,4x8,reps,strength,existing,,,,,,,,
Dumbbell Snatch,Dumbbell,Full Body,4x8,reps,strength,existing,,,,,,,,
Dumbbell Squeeze Press,Dumbbell,Chest,4x8,reps,strength,existing,,,,,,,,
Dumbbell Step Up,Dumbbell,Quadriceps,4x8,reps,strength,existing,,,,,,,,
Floor Press (Dumbbell),Dumbbell,Chest,4x8,reps,strength,existing,,,,,,,,
Frog Pumps (Dumbbell),Dumbbell,Glutes,4x8,reps,strength,existing,,,,,,,,
Front Raise (Dumbbell),Dumbbell,Shoulders,3x12,reps,strength,existing,,,,,,,,
Hammer Curl (Dumbbell),Dumbbell,Biceps,3x12,reps,strength,existing,,,,,,,,
Hex Press (Dumbbell),Dumbbell,Chest,4x8,reps,strength,existing,,,,,,,,
Hip Thrust (Dumbbell),Dumbbell,Glutes,4x8,reps,strength,existing,,,,,,,,
Incline Bench Press (Dumbbell),Dumbbell,Chest,4x8,reps,strength,existing,,,,,,,,
Incline Chest Fly (Dumbbell),Dumbbell,Chest,4x8,reps,strength,existing,,,,,,,,
Lateral Raise (Dumbbell),Dumbbell,Shoulders,3x12,reps,strength,existing,,,,,,,,
Lunge (Dumbbell),Dumbbell,Quadriceps,4x8,reps,strength,existing,,,,,,,,
Overhead Dumbbell Lunge,Dumbbell,Quadriceps,4x8,reps,strength,existing,,,,,,,,
Overhead Press (Dumbbell),Dumbbell,Shoulders,3x12,reps,strength,existing,,,,,,,,
Pinwheel Curl (Dumbbell),Dumbbell,Biceps,3x12,reps,strength,existing,,,,,,,,
Preacher Curl (Dumbbell),Dumbbell,Biceps,3x12,reps,strength,existing,,,,,,,,
Pullover (Dumbbell),Dumbbell,Lats,4x8,reps,strength,existing,,,,,,,,
Rear Delt Reverse Fly (Dumbbell),Dumbbell,Shoulders,3x12,reps,strength,existing,,,,,,,,
Renegade Row (Dumbbell),Dumbbell,Upper Back,4x8,reps,strength,existing,,,,,,,,
Reverse Curl (Dumbbell),Dumbbell,Biceps,3x12,reps,strength,existing,,,,,,,,
Reverse Lunge (Dumbbell),Dumbbell,Quadriceps,4x8,reps,strength,existing,,,,,,,,
Reverse Wrist Curl (Dumbbell),Dumbbell,Forearms,3x15,reps,strength,existing,,,,,,,,
Romanian Deadlift (Dumbbell),Dumbbell,Hamstrings,4x8,reps,strength,existing,,,,,,,,
Seal Row (Dumbbell),Dumbbell,Upper Back,4x8,reps,strength,existing,,,,,,,,
Seated Incline Curl (Dumbbell),Dumbbell,Biceps,3x12,reps,strength,existing,,,,,,,,
Seated Incline Hammer Curl (Dumbbell),Dumbbell,Biceps,3x12,reps,strength,existing,,,,,,,,
Seated Lateral Raise (Dumbbell),Dumbbell,Shoulders,3x12,reps,strength,existing,,,,,,,,
Seated Overhead Press (Dumbbell),Dumbbell,Shoulders,3x12,reps,strength,existing,,,,,,,,
Shoulder Press (Dumbbell),Dumbbell,Shoulders,3x12,reps,strength,existing,,,,,,,,
Shrug (Dumbbell),Dumbbell,Traps,3x12,reps,strength,existing,,,,,,,,
Side Bend (Dumbbell),Dumbbell,Abdominals,3x15,reps,strength,existing,,,,,,,,
Single Leg Hip Thrust (Dumbbell),Dumbbell,Glutes,4x8,reps,strength,existing,,,,,,,,
Single Leg Romanian Deadlift (Dumbbell),Dumbbell,Hamstrings,4x8,reps,strength,existing,,,,,,,,
Single Leg Standing Calf Raise (Dumbbell),Dumbbell,Calves,3x15,reps,strength,existing,,,,,,,,
Skullcrusher (Dumbbell),Dumbbell,Triceps,3x12,reps,strength,existing,,,,,,,,
Spider Curl (Dumbbell),Dumbbell,Biceps,3x12,reps,strength,existing,,,,,,,,
Split Squat (Dumbbell),Dumbbell,Quadriceps,4x8,reps,strength,existing,,,,,,,,
Squat (Dumbbell),Dumbbell,Quadriceps,4x8,reps,strength,existing,,,,,,,,
Standing Calf Raise (Dumbbell),Dumbbell,Calves,3x15,reps,strength,existing,,,,,,,,
Stiff Leg Deadlift (Dumbbell),Dumbbell,Hamstrings,4x8,reps,strength,existing,,,,,,,,
Suitcase Carry (Dumbbell),Dumbbell,Full Body,3x400m,distance,carry,existing,,,,,,,,
Sumo Squat (Dumbbell),Dumbbell,Quadriceps,4x8,reps,strength,existing,,,,,,,,
Triceps Extension (Dumbbell),Dumbbell,Triceps,3x12,reps,strength,existing,,,,,,,,
Triceps Kickback (Dumbbell),Dumbbell,Triceps,3x12,reps,strength,existing,,,,,,,,
Upright Row (Dumbbell),Dumbbell,Shoulders,3x12,reps,strength,existing,,,,,,,,
Waiter Curl (Dumbbell),Dumbbell,Biceps,3x12,reps,strength,existing,,,,,,,,
Walking Lunge (Dumbbell),Dumbbell,Quadriceps,3x400m,distance,cardio,existing,,,,,,,,
Wide-Elbow Triceps Press (Dumbbell),Dumbbell,Triceps,3x12,reps,strength,existing,,,,,,,,
Zottman Curl (Dumbbell),Dumbbell,Biceps,3x12,reps,strength,existing,,,,,,,,
Back Extension (Machine),Machine,Lower Back,4x8,reps,strength,existing,,,,,,,,
Behind the Back Curl (Cable),Machine,Biceps,3x12,reps,strength,existing,,,,,,,,
Belt Squat (Machine),Machine,Quadriceps,4x8,reps,strength,existing,,,,,,,,
Bench Press (Cable),Machine,Chest,4x8,reps,strength,existing,,,,,,,,
Bench Press (Smith Machine),Machine,Chest,4x8,reps,strength,existing,,,,,,,,
Bent Over Row (Smith Machine),Machine,Upper Back,4x8,reps,strength,existing,,,,,,,,
Bicep Curl (Cable),Machine,Biceps,3x12,reps,strength,existing,,,,,,,,
Bicep Curl (Machine),Machine,Biceps,3x12,reps,strength,existing,,,,,,,,
Butterfly (Pec Deck),Machine,Chest,4x8,reps,strength,existing,,,,,,,,
Cable Core Pallof Press,Machine,Abdominals,3x15,reps,strength,existing,,,,,,,,
Cable Crunch,Machine,Abdominals,3x400m,distance,strength,existing,,,,,,,,
Cable Fly Crossovers,Machine,Chest,4x8,reps,strength,existing,,,,,,,,
Cable Kickback,Machine,Glutes,4x8,reps,strength,existing,,,,,,,,
Cable Pull Through,Machine,Glutes,4x8,reps,strength,existing,,,,,,,,
Cable Twist (Down to up),Machine,Abdominals,3x15,reps,strength,existing,,,,,,,,
Cable Twist (Up to down),Machine,Abdominals,3x15,reps,strength,existing,,,,,,,,
Calf Extension (Machine),Machine,Calves,3x15,reps,strength,existing,,,,,,,,
Calf Press (Machine),Machine,Calves,3x15,reps,strength,existing,,,,,,,,
Chest Fly (Machine),Machine,Chest,4x8,reps,strength,existing,,,,,,,,
Chest Press (Machine),Machine,Chest,4x8,reps,strength,existing,,,,,,,,
Crunch (Machine),Machine,Abdominals,3x400m,distance,strength,existing,,,,,,,,
Deadlift (Smith Machine),Machine,Glutes,4x8,reps,strength,existing,,,,,,,,
Decline Bench Press (Machine),Machine,Chest,4x8,reps,strength,existing,,,,,,,,
Decline Bench Press (Smith Machine),Machine,Chest,4x8,reps,strength,existing,,,,,,,,
Front Raise (Cable),Machine,Shoulders,3x12,reps,strength,existing,,,,,,,,
Glute Kickback (Machine),Machine,Glutes,4x8,reps,strength,existing,,,,,,,,
Hack Squat (Machine),Machine,Quadriceps,4x8,reps,strength,existing,,,,,,,,
Hammer Curl (Cable),Machine,Biceps,3x12,reps,strength,existing,,,,,,,,
Hip Abduction (Cable),Machine,Abductors,4x8,reps,strength,existing,,,,,,,,
Hip Abduction (Machine),Machine,Abductors,4x8,reps,strength,existing,,,,,,,,
Hip Adduction (Cable),Machine,Adductors,4x8,reps,strength,existing,,,,,,,,
Hip Adduction (Machine),Machine,Adductors,4x8,reps,strength,existing,,,,,,,,
Hip Thrust (Machine),Machine,Glutes,4x8,reps,strength,existing,,,,,,,,
Hip Thrust (Smith Machine),Machine,Glutes,4x8,reps,strength,existing,,,,,,,,
Incline Bench Press (Smith Machine),Machine,Chest,4x8,reps,strength,existing,,,,,,,,
Incline Chest Press (Machine),Machine,Chest,4x8,reps,strength,existing,,,,,,,,
Iso-Lateral Chest Press (Machine),Machine,Chest,4x8,reps,strength,existing,,,,,,,,
Iso-Lateral High Row (Machine),Machine,Lats,4x8,reps,strength,existing,,,,,,,,
Iso-Lateral Row (Machine),Machine,Upper Back,4x8,reps,strength,existing,,,,,,,,
Lat Pulldown (Cable),Machine,Lats,4x8,reps,strength,existing,,,,,,,,
Lat Pulldown (Machine),Machine,Lats,4x8,reps,strength,existing,,,,,,,,
Lat Pulldown - Close Grip (Cable),Machine,Lats,4x8,reps,strength,existing,,,,,,,,
Lateral Raise (Cable),Machine,Shoulders,3x12,reps,strength,existing,,,,,,,,
Lateral Raise (Machine),Machine,Shoulders,3x12,reps,strength,existing,,,,,,,,
Leg Extension (Machine),Machine,Quadriceps,4x8,reps,strength,existing,,,,,,,,
Leg Press (Machine),Machine,Quadriceps,4x8,reps,strength,existing,,,,,,,,
Leg Press Horizontal (Machine),Machine,Quadriceps,4x8,reps,strength,existing,,,,,,,,
Low Cable Fly Crossovers,Machine,Chest,4x8,reps,strength,existing,,,,,,,,
Lying Leg Curl (Machine),Machine,Hamstrings,4x8,reps,strength,existing,,,,,,,,
Overhead Curl (Cable),Machine,Biceps,3x12,reps,strength,existing,,,,,,,,
Overhead Press (Smith Machine),Machine,Shoulders,3x12,reps,strength,existing,,,,,,,,
Overhead Triceps Extension (Cable),Machine,Triceps,3x12,reps,strength,existing,,,,,,,,
Pendulum Squat (Machine),Machine,Quadriceps,4x8,reps,strength,existing,,,,,,,,
Preacher Curl (Machine),Machine,Biceps,3x12,reps,strength,existing,,,,,,,,
Pullover (Machine),Machine,Lats,4x8,reps,strength,existing,,,,,,,,
Rear Delt Reverse Fly (Cable),Machine,Shoulders,3x12,reps,strength,existing,,,,,,,,
Rear Delt Reverse Fly (Machine),Machine,Shoulders,3x12,reps,strength,existing,,,,,,,,
Rear Kick (Machine),Machine,Glutes,4x8,reps,strength,existing,,,,,,,,
Reverse Curl (Cable),Machine,Biceps,3x12,reps,strength,existing,,,,,,,,
Reverse Fly Single Arm (Cable),Machine,Shoulders,3x12,reps,strength,existing,,,,,,,,
Reverse Grip Lat Pulldown (Cable),Machine,Lats,4x8,reps,strength,existing,,,,,,,,
Romanian Deadlift (Smith Machine),Machine,Hamstrings,4x8,reps,strength,existing,,,,,,,,
Rope Cable Curl,Machine,Biceps,3x12,reps,strength,existing,,,,,,,,
Rowing Machine,Machine,Cardio,3x400m,distance,cardio,existing,,,,,,,,
Seated Cable Row - Bar Grip,Machine,Upper Back,4x8,reps,strength,existing,,,,,,,,
Seated Cable Row - Bar Wide Grip,Machine,Upper Back,4x8,reps,strength,existing,,,,,,,,
Seated Cable Row - V Grip (Cable),Machine,Upper Back,4x8,reps,strength,existing,,,,,,,,
Seated Chest Flys (Cable),Machine,Chest,4x8,reps,strength,existing,,,,,,,,
Seated Dip Machine,Machine,Triceps,3x12,reps,strength,existing,,,,,,,,
Seated Leg Curl (Machine),Machine,Hamstrings,4x8,reps,strength,existing,,,,,,,,
Seated Row (Machine),Machine,Upper Back,4x8,reps,strength,existing,,,,,,,,
Seated Shoulder Press (Machine),Machine,Shoulders,3x12,reps,strength,existing,,,,,,,,
Shoulder Press (Machine Plates),Machine,Shoulders,3x12,reps,strength,existing,,,,,,,,
Shrug (Cable),Machine,Traps,3x12,reps,strength,existing,,,,,,,,
Shrug (Machine),Machine,Traps,3x12,reps,strength,existing,,,,,,,,
Shrug (Smith Machine),Machine,Traps,3x12,reps,strength,existing,,,,,,,,
Single Arm Cable Crossover,Machine,Chest,4x8,reps,strength,existing,,,,,,,,
Single Arm Cable Row,Machine,Upper Back,4x8,reps,strength,existing,,,,,,,,
Single Arm Curl (Cable),Machine,Biceps,3x12,reps,strength,existing,,,,,,,,
Single Arm Lateral Raise (Cable),Machine,Shoulders,3x12,reps,strength,existing,,,,,,,,
Single Arm Triceps Pushdown (Cable),Machine,Triceps,3x12,reps,strength,existing,,,,,,,,
Single Leg Press (Machine),Machine,Quadriceps,4x8,reps,strength,existing,,,,,,,,
Single Leg Standing Calf Raise (Machine),Machine,Calves,3x15,reps,strength,existing,,,,,,,,
Squat (Machine),Machine,Quadriceps,4x8,reps,strength,existing,,,,,,,,
Squat (Smith Machine),Machine,Quadriceps,4x8,reps,strength,existing,,,,,,,,
Stair Machine (Floors),Machine,Cardio,3x400m,distance,strength,existing,,,,,,,,
Stair Machine (Steps),Machine,Cardio,3x400m,distance,strength,existing,,,,,,,,
Standing Cable Glute Kickbacks,Machine,Glutes,4x8,reps,strength,existing,,,,,,,,
Standing Calf Raise (Machine),Machine,Calves,3x15,reps,strength,existing,,,,,,,,
Standing Y Raise (Cable),Machine,Shoulders,3x12,reps,strength,existing,,,,,,,,
Straight Arm Lat Pulldown (Cable),Machine,Lats,4x8,reps,strength,existing,,,,,,,,
Triceps Extension (Cable),Machine,Triceps,3x12,reps,strength,existing,,,,,,,,
Triceps Extension (Machine),Machine,Triceps,3x12,reps,strength,existing,,,,,,,,
Triceps Kickback (Cable),Machine,Triceps,3x12,reps,strength,existing,,,,,,,,
Upright Row (Cable),Machine,Shoulders,3x12,reps,strength,existing,,,,,,,,
Vertical Traction (Machine),Machine,Lats,4x8,reps,strength,existing,,,,,,,,
Gorilla Row (Kettlebell),Kettlebell,Upper Back,4x8,reps,strength,existing,,,,,,,,
Kettlebell Around the World,Kettlebell,Shoulders,3x12,reps,strength,existing,,,,,,,,
Kettlebell Clean,Kettlebell,Full Body,4x8,reps,strength,existing,,,,,,,,
Kettlebell Curl,Kettlebell,Biceps,3x12,reps,strength,existing,,,,,,,,
Kettlebell Goblet Squat,Kettlebell,Quadriceps,4x8,reps,strength,existing,,,,,,,,
Kettlebell Halo,Kettlebell,Shoulders,3x12,reps,strength,existing,,,,,,,,
Kettlebell High Pull,Kettlebell,Full Body,4x8,reps,strength,existing,,,,,,,,
Kettlebell Shoulder Press,Kettlebell,Shoulders,3x12,reps,strength,existing,,,,,,,,
Kettlebell Snatch,Kettlebell,Full Body,4x8,reps,strength,existing,,,,,,,,
Kettlebell Swing,Kettlebell,Full Body,4x8,reps,strength,existing,,,,,,,,
Kettlebell Turkish Get Up,Kettlebell,Full Body,4x8,reps,strength,existing,,,,,,,,
Sumo Squat (Kettlebell),Kettlebell,Quadriceps,4x8,reps,strength,existing,,,,,,,,
Thruster (Kettlebell),Kettlebell,Full Body,4x8,reps,strength,existing,,,,,,,,
21s Bicep Curl,Bodyweight,Biceps,3x12,reps,strength,existing,,,,,,,,
Ab Scissors,Bodyweight,Abdominals,3x15,reps,strength,existing,,,,,,,,
Ab Wheel,Bodyweight,Abdominals,3x15,reps,strength,existing,,,,,,,,
Around The World,Bodyweight,Chest,4x8,reps,strength,existing,,,,,,,,
Back Extension (Hyperextension),Bodyweight,Lower Back,4x8,reps,strength,existing,,,,,,,,
Back Extension (Weighted Hyperextension),Bodyweight,Lower Back,4x8,reps,strength,existing,,,,,,,,
Band Pullaparts,Bodyweight,Shoulders,3x12,reps,strength,existing,,,,,,,,
Bear Crawl,Bodyweight,Full Body,3x45s,time,strength,existing,,,,,,,,
Bench Dip,Bodyweight,Triceps,3x12,reps,strength,existing,,,,,,,,
Bent Over Row (Band),Bodyweight,Upper Back,4x8,reps,strength,existing,,,,,,,,
Bicep Curl (Suspension),Bodyweight,Biceps,3x12,reps,strength,existing,,,,,,,,
Bicycle Crunch,Bodyweight,Abdominals,3x400m,distance,strength,existing,,,,,,,,
Bicycle Crunch Raised Legs,Bodyweight,Abdominals,3x400m,distance,strength,existing,,,,,,,,
Bird Dog,Bodyweight,Glutes,4x8,reps,hold,existing,,,,,,,,
Box Jump,Bodyweight,Quadriceps,4x8,reps,strength,existing,,,,,,,,
Chest Dip,Bodyweight,Chest,4x8,reps,strength,existing,,,,,,,,
Chest Dip (Assisted),Bodyweight,Chest,4x8,reps,strength,existing,,,,,,,,
Chest Dip (Weighted),Bodyweight,Chest,4x8,reps,strength,existing,,,,,,,,
Chest Fly (Band),Bodyweight,Chest,4x8,reps,strength,existing,,,,,,,,
Chest Fly (Suspension),Bodyweight,Chest,4x8,reps,strength,existing,,,,,,,,
Chest Press (Band),Bodyweight,Chest,4x8,reps,strength,existing,,,,,,,,
Chest Supported T Bar Row,Bodyweight,Upper Back,4x8,reps,strength,existing,,,,,,,,
Chin Up,Bodyweight,Lats,4x8,reps,strength,existing,,,,,,,,
Chin Up (Assisted),Bodyweight,Lats,4x8,reps,strength,existing,,,,,,,,
Chin Up (Weighted),Bodyweight,Lats,4x8,reps,strength,existing,,,,,,,,
Clamshell,Bodyweight,Glutes,4x8,reps,strength,existing,,,,,,,,
Clap Push Ups,Bodyweight,Chest,4x8,reps,strength,existing,,,,,,,,
Clean,Bodyweight,Full Body,4x8,reps,strength,existing,,,,,,,,
Clean Pull,Bodyweight,Full Body,4x8,reps,strength,existing,,,,,,,,
Clean and Jerk,Bodyweight,Full Body,4x8,reps,strength,existing,,,,,,,,
Clean and Press,Bodyweight,Full Body,4x8,reps,strength,existing,,,,,,,,
Concentration Curl,Bodyweight,Biceps,3x12,reps,strength,existing,,,,,,,,
Cross Body Hammer Curl,Bodyweight,Biceps,3x12,reps,strength,existing,,,,,,,,
Crunch,Bodyweight,Abdominals,3x400m,distance,strength,existing,,,,,,,,
Crunch (Weighted),Bodyweight,Abdominals,3x400m,distance,strength,existing,,,,,,,,
Dead Bug,Bodyweight,Abdominals,3x15,reps,strength,existing,,,,,,,,
Dead Hang,Bodyweight,Upper Back,3x45s,time,hold,existing,,,,,,,,
Deadlift (Band),Bodyweight,Glutes,4x8,reps,strength,existing,,,,,,,,
Deadlift High Pull,Bodyweight,Full Body,4x8,reps,strength,existing,,,,,,,,
Decline Crunch,Bodyweight,Abdominals,3x400m,distance,strength,existing,,,,,,,,
Decline Crunch (Weighted),Bodyweight,Abdominals,3x400m,distance,strength,existing,,,,,,,,
Decline Push Up,Bodyweight,Chest,4x8,reps,strength,existing,,,,,,,,
Diamond Push Up,Bodyweight,Triceps,3x12,reps,strength,existing,,,,,,,,
Drag Curl,Bodyweight,Biceps,3x12,reps,strength,existing,,,,,,,,
Dragon Flag,Bodyweight,Abdominals,3x15,reps,strength,existing,,,,,,,,
Dragonfly,Bodyweight,Abdominals,3x15,reps,strength,existing,,,,,,,,
Elbow to Knee,Bodyweight,Abdominals,3x15,reps,strength,existing,,,,,,,,
Face Pull,Bodyweight,Shoulders,3x12,reps,strength,existing,,,,,,,,
Fire Hydrants,Bodyweight,Glutes,4x8,reps,strength,existing,,,,,,,,
Floor Triceps Dip,Bodyweight,Triceps,3x12,reps,strength,existing,,,,,,,,
Flutter Kicks,Bodyweight,Abdominals,3x45s,time,strength,existing,,,,,,,,
Frog Jumps,Bodyweight,Quadriceps,4x8,reps,strength,existing,,,,,,,,
Front Lever Hold,Bodyweight,Full Body,3x45s,time,hold,existing,,,,,,,,
Front Lever Raise,Bodyweight,Full Body,4x8,reps,strength,existing,,,,,,,,
Front Raise (Band),Bodyweight,Shoulders,3x12,reps,strength,existing,,,,,,,,
Front Raise (Suspension),Bodyweight,Shoulders,3x12,reps,strength,existing,,,,,,,,
Front Squat,Bodyweight,Quadriceps,4x8,reps,strength,existing,,,,,,,,
Full Squat,Bodyweight,Quadriceps,4x8,reps,strength,existing,,,,,,,,
Glute Bridge,Bodyweight,Glutes,4x8,reps,strength,existing,,,,,,,,
Glute Ham Raise,Bodyweight,Hamstrings,4x8,reps,strength,existing,,,,,,,,
Glute Kickback on Floor,Bodyweight,Glutes,4x8,reps,strength,existing,,,,,,,,
Goblet Squat,Bodyweight,Quadriceps,4x8,reps,strength,existing,,,,,,,,
Hack Squat,Bodyweight,Quadriceps,4x8,reps,strength,existing,,,,,,,,
Hammer Curl (Band),Bodyweight,Biceps,3x12,reps,strength,existing,,,,,,,,
Handstand Hold,Bodyweight,Full Body,3x45s,time,hold,existing,,,,,,,,
Handstand Push Up,Bodyweight,Shoulders,3x12,reps,strength,existing,,,,,,,,
Hang Clean,Bodyweight,Full Body,4x8,reps,strength,existing,,,,,,,,
Hang Snatch,Bodyweight,Full Body,4x8,reps,strength,existing,,,,,,,,
Hanging Knee Raise,Bodyweight,Abdominals,3x15,reps,strength,existing,,,,,,,,
Hanging Leg Raise,Bodyweight,Abdominals,3x15,reps,strength,existing,,,,,,,,
Heel Taps,Bodyweight,Abdominals,3x15,reps,strength,existing,,,,,,,,
High Knee Skips,Bodyweight,Full Body,4x8,reps,cardio,existing,,,,,,,,
High Knees,Bodyweight,Full Body,3x45s,time,strength,existing,,,,,,,,
Hip Thrust,Bodyweight,Glutes,4x8,reps,strength,existing,,,,,,,,
Hollow Rock,Bodyweight,Abdominals,3x15,reps,strength,existing,,,,,,,,
Incline Push Ups,Bodyweight,Chest,4x8,reps,strength,existing,,,,,,,,
Inverted Row,Bodyweight,Upper Back,4x8,reps,strength,existing,,,,,,,,
Iso-Lateral Low Row,Bodyweight,Upper Back,4x8,reps,strength,existing,,,,,,,,
Jack Knife (Suspension),Bodyweight,Abdominals,3x15,reps,strength,existing,,,,,,,,
Jackknife Sit Up,Bodyweight,Abdominals,3x15,reps,strength,existing,,,,,,,,
Jump Shrug,Bodyweight,Full Body,4x8,reps,strength,existing,,,,,,,,
Jump Squat,Bodyweight,Quadriceps,4x8,reps,strength,existing,,,,,,,,
Jumping Jack,Bodyweight,Full Body,4x8,reps,strength,existing,,,,,,,,
Jumping Lunge,Bodyweight,Quadriceps,4x8,reps,strength,existing,,,,,,,,
Kipping Pull Up,Bodyweight,Lats,4x8,reps,strength,existing,,,,,,,,
Knee Raise Parallel Bars,Bodyweight,Abdominals,3x15,reps,strength,existing,,,,,,,,
Kneeling Pulldown (band),Bodyweight,Lats,4x8,reps,strength,existing,,,,,,,,
Kneeling Push Up,Bodyweight,Chest,4x8,reps,strength,existing,,,,,,,,
L-Sit Hold,Bodyweight,Abdominals,3x45s,time,hold,existing,,,,,,,,
Lat Pulldown (Band),Bodyweight,Lats,4x8,reps,strength,existing,,,,,,,,
Lat closed grip pull down,Bodyweight,Lats,4x8,reps,strength,existing,,,,,,,,
Lateral Band Walks,Bodyweight,Glutes,3x400m,distance,cardio,existing,,,,,,,,
Lateral Box Jump,Bodyweight,Quadriceps,4x8,reps,strength,existing,,,,,,,,
Lateral Leg Raises,Bodyweight,Glutes,4x8,reps,strength,existing,,,,,,,,
Lateral Lunge,Bodyweight,Quadriceps,4x8,reps,strength,existing,,,,,,,,
Lateral Raise (Band),Bodyweight,Shoulders,3x12,reps,strength,existing,,,,,,,,
Lateral Squat,Bodyweight,Quadriceps,4x8,reps,strength,existing,,,,,,,,
Leg Raise Parallel Bars,Bodyweight,Abdominals,3x15,reps,strength,existing,,,,,,,,
Low Row (Suspension),Bodyweight,Upper Back,4x8,reps,strength,existing,,,,,,,,
Low row,Bodyweight,Upper Back,4x8,reps,strength,existing,,,,,,,,
Lunge,Bodyweight,Quadriceps,4x8,reps,strength,existing,,,,,,,,
Lying Knee Raise,Bodyweight,Abdominals,3x15,reps,strength,existing,,,,,,,,
Lying Leg Raise,Bodyweight,Abdominals,3x15,reps,strength,existing,,,,,,,,
Lying Neck Curls,Bodyweight,Neck,3x15,reps,strength,existing,,,,,,,,
Lying Neck Curls (Weighted),Bodyweight,Neck,3x15,reps,strength,existing,,,,,,,,
Lying Neck Extension,Bodyweight,Neck,3x15,reps,strength,existing,,,,,,,,
Lying Neck Extension (Weighted),Bodyweight,Neck,3x15,reps,strength,existing,,,,,,,,
Mountain Climber,Bodyweight,Full Body,3x45s,time,strength,existing,,,,,,,,
Muscle Up,Bodyweight,Full Body,4x8,reps,strength,existing,,,,,,,,
Negative Pull Up,Bodyweight,Lats,4x8,reps,strength,existing,,,,,,,,
Nordic Hamstrings Curls,Bodyweight,Hamstrings,4x8,reps,strength,existing,,,,,,,,
Oblique Crunch,Bodyweight,Abdominals,3x400m,distance,strength,existing,,,,,,,,
One Arm Push Up,Bodyweight,Chest,4x8,reps,strength,existing,,,,,,,,
Overhead Plate Raise,Bodyweight,Shoulders,3x12,reps,strength,existing,,,,,,,,
Overhead Squat,Bodyweight,Full Body,4x8,reps,strength,existing,,,,,,,,
Pike Pushup,Bodyweight,Shoulders,3x12,reps,strength,existing,,,,,,,,
Pistol Squat,Bodyweight,Quadriceps,4x8,reps,strength,existing,,,,,,,,
Plank,Bodyweight,Abdominals,3x45s,time,hold,existing,,,,,,,,
Plank Pushup,Bodyweight,Chest,3x45s,time,hold,existing,,,,,,,,
Plate Curl,Bodyweight,Biceps,3x12,reps,strength,existing,,,,,,,,
Plate Front Raise,Bodyweight,Shoulders,3x12,reps,strength,existing,,,,,,,,
Plate Press,Bodyweight,Chest,4x8,reps,strength,existing,,,,,,,,
Plate Squeeze (Svend Press),Bodyweight,Chest,4x8,reps,strength,existing,,,,,,,,
Power Clean,Bodyweight,Full Body,4x8,reps,strength,existing,,,,,,,,
Power Snatch,Bodyweight,Full Body,4x8,reps,strength,existing,,,,,,,,
Press Under,Bodyweight,Full Body,4x8,reps,strength,existing,,,,,,,,
Pull Up,Bodyweight,Lats,4x8,reps,strength,existing,,,,,,,,
Pull Up (Assisted),Bodyweight,Lats,4x8,reps,strength,existing,,,,,,,,
Pull Up (Band),Bodyweight,Lats,4x8,reps,strength,existing,,,,,,,,
Pull Up (Weighted),Bodyweight,Lats,4x8,reps,strength,existing,,,,,,,,
Push Press,Bodyweight,Shoulders,3x12,reps,strength,existing,,,,,,,,
Push Up,Bodyweight,Chest,4x8,reps,strength,existing,,,,,,,,
Push Up (Weighted),Bodyweight,Chest,4x8,reps,strength,existing,,,,,,,,
Rack Pull,Bodyweight,Upper Back,4x8,reps,strength,existing,,,,,,,,
Reverse Crunch,Bodyweight,Abdominals,3x400m,distance,strength,existing,,,,,,,,
Reverse Grip Concentration Curl,Bodyweight,Biceps,3x12,reps,strength,existing,,,,,,,,
Reverse Grip Triceps Pushdown,Bodyweight,Triceps,3x12,reps,strength,existing,,,,,,,,
Reverse Hyperextension,Bodyweight,Glutes,4x8,reps,strength,existing,,,,,,,,
Reverse Lunge,Bodyweight,Quadriceps,4x8,reps,strength,existing,,,,,,,,
Reverse Plank,Bodyweight,Abdominals,3x45s,time,hold,existing,,,,,,,,
Ring Dips,Bodyweight,Chest,4x8,reps,strength,existing,,,,,,,,
Ring Pull Up,Bodyweight,Lats,4x8,reps,strength,existing,,,,,,,,
Ring Push Up,Bodyweight,Chest,4x8,reps,strength,existing,,,,,,,,
Rope Straight Arm Pulldown,Bodyweight,Lats,4x8,reps,strength,existing,,,,,,,,
Russian Twist (Bodyweight),Bodyweight,Abdominals,3x15,reps,strength,existing,,,,,,,,
Russian Twist (Weighted),Bodyweight,Abdominals,3x15,reps,strength,existing,,,,,,,,
Scapular Pull Ups,Bodyweight,Upper Back,4x8,reps,strength,existing,,,,,,,,
Seated Calf Raise,Bodyweight,Calves,3x15,reps,strength,existing,,,,,,,,
Seated Palms Up Wrist Curl,Bodyweight,Forearms,3x15,reps,strength,existing,,,,,,,,
Seated Triceps Press,Bodyweight,Triceps,3x12,reps,strength,existing,,,,,,,,
Shoulder Taps,Bodyweight,Shoulders,3x12,reps,strength,existing,,,,,,,,
Side Bend,Bodyweight,Abdominals,3x15,reps,strength,existing,,,,,,,,
Side Plank,Bodyweight,Abdominals,3x45s,time,hold,existing,,,,,,,,
Single Arm Lat Pulldown,Bodyweight,Lats,4x8,reps,strength,existing,,,,,,,,
Single Leg Extensions,Bodyweight,Quadriceps,4x8,reps,strength,existing,,,,,,,,
Single Leg Glute Bridge,Bodyweight,Glutes,4x8,reps,strength,existing,,,,,,,,
Single Leg Hip Thrust,Bodyweight,Glutes,4x8,reps,strength,existing,,,,,,,,
Single Leg Standing Calf Raise,Bodyweight,Calves,3x15,reps,strength,existing,,,,,,,,
Sissy Squat (Weighted),Bodyweight,Quadriceps,4x8,reps,strength,existing,,,,,,,,
Sit Up,Bodyweight,Abdominals,3x15,reps,strength,existing,,,,,,,,
Sit Up (Weighted),Bodyweight,Abdominals,3x15,reps,strength,existing,,,,,,,,
Snatch,Bodyweight,Full Body,4x8,reps,strength,existing,,,,,,,,
Spiderman,Bodyweight,Abdominals,3x15,reps,strength,existing,,,,,,,,
Split Jerk,Bodyweight,Full Body,4x8,reps,strength,existing,,,,,,,,
Squat (Band),Bodyweight,Quadriceps,4x8,reps,strength,existing,,,,,,,,
Squat (Bodyweight),Bodyweight,Quadriceps,4x8,reps,strength,existing,,,,,,,,
Squat (Suspension),Bodyweight,Quadriceps,4x8,reps,strength,existing,,,,,,,,
Squat Row,Bodyweight,Full Body,4x8,reps,strength,existing,,,,,,,,
Standing Calf Raise,Bodyweight,Calves,3x15,reps,strength,existing,,,,,,,,
Standing Calf Raise (Smith),Bodyweight,Calves,3x15,reps,strength,existing,,,,,,,,
Standing Leg Curls,Bodyweight,Hamstrings,4x8,reps,strength,existing,,,,,,,,
Step Up,Bodyweight,Quadriceps,4x8,reps,strength,existing,,,,,,,,
Sternum Pull up (Gironda),Bodyweight,Lats,4x8,reps,strength,existing,,,,,,,,
Straight Leg Deadlift,Bodyweight,Hamstrings,4x8,reps,strength,existing,,,,,,,,
Sumo Deadlift,Bodyweight,Glutes,4x8,reps,strength,existing,,,,,,,,
Sumo Squat,Bodyweight,Quadriceps,4x8,reps,strength,existing,,,,,,,,
Superman,Bodyweight,Lower Back,4x8,reps,strength,existing,,,,,,,,
T Bar Row,Bodyweight,Upper Back,4x8,reps,strength,existing,,,,,,,,
Toe Touch,Bodyweight,Abdominals,3x15,reps,strength,existing,,,,,,,,
Toes to Bar,Bodyweight,Abdominals,3x15,reps,strength,existing,,,,,,,,
Torso Rotation,Bodyweight,Abdominals,3x15,reps,strength,existing,,,,,,,,
Triceps Dip,Bodyweight,Triceps,3x12,reps,strength,existing,,,,,,,,
Triceps Dip (Assisted),Bodyweight,Triceps,3x12,reps,strength,existing,,,,,,,,
Triceps Dip (Weighted),Bodyweight,Triceps,3x12,reps,strength,existing,,,,,,,,
Triceps Extension (Suspension),Bodyweight,Triceps,3x12,reps,strength,existing,,,,,,,,
Triceps Pressdown,Bodyweight,Triceps,3x12,reps,strength,existing,,,,,,,,
Triceps Pushdown,Bodyweight,Triceps,3x12,reps,strength,existing,,,,,,,,
Triceps Rope Pushdown,Bodyweight,Triceps,3x12,reps,strength,existing,,,,,,,,
V Up,Bodyweight,Abdominals,3x15,reps,strength,existing,,,,,,,,
Walking Lunge,Bodyweight,Quadriceps,3x400m,distance,cardio,existing,,,,,,,,
Wall Sit,Bodyweight,Quadriceps,3x45s,time,hold,existing,,,,,,,,
Wide Pull Up,Bodyweight,Lats,4x8,reps,strength,existing,,,,,,,,
Wrist Roller,Bodyweight,Forearms,3x15,reps,strength,existing,,,,,,,,
Zercher Squat,Bodyweight,Quadriceps,4x8,reps,strength,existing,,,,,,,,
Ball Slams,Conditioning,Full Body,4x8,reps,strength,existing,,,,,,,,
Burpee,Conditioning,Full Body,4x8,reps,strength,existing,,,,,,,,
Burpee Broad Jumps,Conditioning,Full Body,4x8,reps,strength,existing,,,,,,,,
Burpee Over the Bar,Conditioning,Full Body,4x8,reps,strength,existing,,,,,,,,
Farmers Walk,Conditioning,Full Body,3x400m,distance,cardio,existing,,,,,,,,
Sled Pull,Conditioning,Full Body,3x400m,distance,carry,existing,,,,,,,,
Sled Push,Conditioning,Full Body,3x400m,distance,carry,existing,,,,,,,,
Walking Lunge (Sandbag),Conditioning,Quadriceps,3x400m,distance,cardio,existing,,,,,,,,
Wall Ball,Conditioning,Full Body,3x45s,time,strength,existing,,,,,,,,
Air Bike,Cardio Machine,Cardio,3x400m,distance,strength,existing,,,,,,,,
Elliptical Trainer,Cardio Machine,Cardio,3x400m,distance,cardio,existing,,,,,,,,
Recumbent Bike,Cardio Machine,Cardio,3x400m,distance,strength,existing,,,,,,,,
Ski Erg,Cardio Machine,Cardio,3x400m,distance,cardio,existing,,,,,,,,
Spinning,Cardio Machine,Cardio,3x45s,time,strength,existing,,,,,,,,
Treadmill,Cardio Machine,Cardio,3x400m,distance,cardio,existing,,,,,,,,
Aerobics,Cardio Outdoor,Cardio,3x45s,time,strength,existing,,,,,,,,
Battle Ropes,Cardio Outdoor,Cardio,3x45s,time,cardio,existing,,,,,,,,
Boxing,Cardio Outdoor,Cardio,3x45s,time,cardio,existing,,,,,,,,
Climbing,Cardio Outdoor,Cardio,3x400m,distance,strength,existing,,,,,,,,
Cycling,Cardio Outdoor,Cardio,3x400m,distance,cardio,existing,,,,,,,,
HIIT,Cardio Outdoor,Cardio,3x45s,time,strength,existing,,,,,,,,
Hiking,Cardio Outdoor,Cardio,3x400m,distance,cardio,existing,,,,,,,,
Jump Rope,Cardio Outdoor,Cardio,3x45s,time,cardio,existing,,,,,,,,
Running,Cardio Outdoor,Cardio,3x400m,distance,cardio,existing,,,,,,,,
Skating,Cardio Outdoor,Cardio,3x400m,distance,strength,existing,,,,,,,,
Skiing,Cardio Outdoor,Cardio,3x400m,distance,strength,existing,,,,,,,,
Snowboarding,Cardio Outdoor,Cardio,3x400m,distance,strength,existing,,,,,,,,
Sprints,Cardio Outdoor,Cardio,3x400m,distance,cardio,existing,,,,,,,,
Swimming,Cardio Outdoor,Cardio,3x400m,distance,cardio,existing,,,,,,,,
Walking,Cardio Outdoor,Cardio,3x400m,distance,cardio,existing,,,,,,,,
Downward Dog,Mobility / Stretch,Full Body,4x8,reps,strength,existing,,,,,,,,
Pilates,Mobility / Stretch,Full Body,3x45s,time,strength,existing,,,,,,,,
Stretching,Mobility / Stretch,Full Body,3x45s,time,hold,existing,,,,,,,,
Warm Up,Mobility / Stretch,Full Body,3x45s,time,strength,existing,,,,,,,,
Yoga,Mobility / Stretch,Full Body,3x45s,time,hold,existing,,,,,,,,
Atlas Stone Lift,Conditioning,Full Body,4x3,reps,strength,new,,,,,,,,
Atlas Stone Over Bar,Conditioning,Full Body,4x3,reps,strength,new,,,,,,,,
Tire Flip,Conditioning,Full Body,4x5,reps,strength,new,,,,,,,,
Log Press,Barbell,Shoulders,4x5,reps,strength,new,,,,,,,,
Yoke Carry,Conditioning,Full Body,4x20m,distance,carry,new,,,,,,,,
Zercher Carry,Conditioning,Full Body,3x30m,distance,carry,new,,,,,,,,
Sandbag Carry,Conditioning,Full Body,3x40m,distance,carry,new,,,,,,,,
Sandbag Clean,Conditioning,Full Body,4x5,reps,strength,new,,,,,,,,
Sandbag Over Shoulder,Conditioning,Full Body,4x5,reps,strength,new,,,,,,,,
Keg Carry,Conditioning,Full Body,3x30m,distance,carry,new,,,,,,,,
Overhead Carry,Conditioning,Shoulders,3x30m,distance,carry,new,,,,,,,,
Sled Drag,Conditioning,Hamstrings,4x20m,distance,cardio,new,,,,,,,,
Sled Sprint,Conditioning,Quadriceps,6x15m,distance,cardio,new,,,,,,,,
Axle Deadlift,Barbell,Glutes,4x5,reps,strength,new,,,,,,,,
Safety Bar Squat,Barbell,Quadriceps,4x6,reps,strength,new,,,,,,,,
Pin Squat,Barbell,Quadriceps,4x3,reps,strength,new,,,,,,,,
Anderson Squat,Barbell,Quadriceps,4x3,reps,strength,new,,,,,,,,
Board Press,Barbell,Chest,4x3,reps,strength,new,,,,,,,,
Spoto Press,Barbell,Chest,4x5,reps,strength,new,,,,,,,,
Larsen Press,Barbell,Chest,4x5,reps,strength,new,,,,,,,,
Pin Press,Barbell,Shoulders,4x3,reps,strength,new,,,,,,,,
Reverse Band Bench Press,Barbell,Chest,4x3,reps,strength,new,,,,,,,,
Chain Bench Press,Barbell,Chest,4x3,reps,strength,new,,,,,,,,
Deficit Deadlift,Barbell,Glutes,4x4,reps,strength,new,,,,,,,,
Block Pull Deadlift,Barbell,Glutes,4x4,reps,strength,new,,,,,,,,
Push Jerk,Barbell,Shoulders,5x3,reps,strength,new,,,,,,,,
Snatch Pull,Barbell,Upper Back,4x3,reps,strength,new,,,,,,,,
Muscle Snatch,Barbell,Shoulders,4x3,reps,strength,new,,,,,,,,
Depth Jump,Bodyweight,Quadriceps,4x5,reps,strength,new,,,,,,,,
Hurdle Hop,Bodyweight,Calves,4x6,reps,strength,new,,,,,,,,
Tuck Jump,Bodyweight,Quadriceps,4x8,reps,strength,new,,,,,,,,
Pogo Jump,Bodyweight,Calves,3x20,reps,strength,new,,,,,,,,
Bounding,Bodyweight,Glutes,4x20m,distance,cardio,new,,,,,,,,
Single Leg Box Jump,Bodyweight,Quadriceps,3x5,reps,strength,new,,,,,,,,
Medicine Ball Slam,Conditioning,Full Body,4x10,reps,strength,new,,,,,,,,
Rotational Medicine Ball Throw,Conditioning,Abdominals,4x6,reps,strength,new,,,,,,,,
Overhead Medicine Ball Throw,Conditioning,Full Body,4x8,reps,strength,new,,,,,,,,
Medicine Ball Chest Pass,Conditioning,Chest,4x8,reps,strength,new,,,,,,,,
Slant Board Squat,Bodyweight,Quadriceps,3x12,reps,strength,new,,,,,,,,
Terminal Knee Extension,Machine,Quadriceps,3x15,reps,strength,new,,,,,,,,
Tibialis Raise,Bodyweight,Calves,3x20,reps,strength,new,,,,,,,,
Poliquin Step Up,Bodyweight,Quadriceps,3x12,reps,strength,new,,,,,,,,
ATG Split Squat,Bodyweight,Quadriceps,3x10,reps,strength,new,,,,,,,,
Reverse Nordic Curl,Bodyweight,Quadriceps,3x8,reps,strength,new,,,,,,,,
Jefferson Curl,Barbell,Lower Back,3x8,reps,strength,new,,,,,,,,
Copenhagen Plank,Bodyweight,Adductors,3x30s,time,hold,new,,,,,,,,
Planche Lean Hold,Bodyweight,Shoulders,4x20s,time,hold,new,,,,,,,,
Tuck Planche Hold,Bodyweight,Shoulders,4x15s,time,hold,new,,,,,,,,
Pseudo Planche Push Up,Bodyweight,Chest,3x8,reps,strength,new,,,,,,,,
Skin the Cat,Bodyweight,Lats,3x5,reps,strength,new,,,,,,,,
Back Lever Hold,Bodyweight,Lats,4x15s,time,hold,new,,,,,,,,
Archer Pull Up,Bodyweight,Lats,3x5,reps,strength,new,,,,,,,,
Typewriter Pull Up,Bodyweight,Lats,3x5,reps,strength,new,,,,,,,,
Human Flag Hold,Bodyweight,Abdominals,4x10s,time,hold,new,,,,,,,,
Hanging Windshield Wiper,Bodyweight,Abdominals,3x8,reps,strength,new,,,,,,,,
Ab Rollout from Standing,Bodyweight,Abdominals,3x6,reps,strength,new,,,,,,,,
Stir the Pot Hold,Bodyweight,Abdominals,3x30s,time,hold,new,,,,,,,,
GHD Sit Up,Machine,Abdominals,3x12,reps,strength,new,,,,,,,,
Weighted Hollow Body Hold,Bodyweight,Abdominals,3x30s,time,hold,new,,,,,,,,
Man Maker,Dumbbell,Full Body,4x8,reps,strength,new,,,,,,,,
Devil Press,Dumbbell,Full Body,4x8,reps,strength,new,,,,,,,,
Sledgehammer Strikes,Conditioning,Full Body,4x20,reps,strength,new,,,,,,,,
Shuttle Run,Cardio Outdoor,Cardio,6x20m,distance,cardio,new,,,,,,,,
Jacob's Ladder,Cardio Machine,Cardio,3x5min,time,cardio,new,,,,,,,,
Versaclimber,Cardio Machine,Cardio,3x5min,time,cardio,new,,,,,,,,
Battle Ropes Waves,Conditioning,Shoulders,4x30s,time,cardio,new,,,,,,,,
Battle Ropes Slams,Conditioning,Full Body,4x30s,time,cardio,new,,,,,,,,
Kettlebell Clean and Press,Kettlebell,Shoulders,4x6,reps,strength,new,,,,,,,,
Kettlebell Windmill,Kettlebell,Abdominals,3x6,reps,strength,new,,,,,,,,
Kettlebell Bottoms Up Press,Kettlebell,Shoulders,3x8,reps,strength,new,,,,,,,,
Kettlebell Figure 8,Kettlebell,Full Body,3x12,reps,strength,new,,,,,,,,
Double Kettlebell Front Squat,Kettlebell,Quadriceps,4x8,reps,strength,new,,,,,,,,
Cable Woodchop,Machine,Abdominals,3x12,reps,strength,new,,,,,,,,
Cable Reverse Woodchop,Machine,Abdominals,3x12,reps,strength,new,,,,,,,,
World's Greatest Stretch,Bodyweight,Mobility,2x45s,time,hold,new,,,,,,,,
Couch Stretch,Bodyweight,Mobility,2x60s,time,hold,new,,,,,,,,
Cat-Cow Stretch,Bodyweight,Mobility,2x45s,time,hold,new,,,,,,,,
90/90 Hip Switch,Bodyweight,Mobility,2x45s,time,hold,new,,,,,,,,
Thoracic Rotation Stretch,Bodyweight,Mobility,2x45s,time,hold,new,,,,,,,,
Wall Slide Stretch,Bodyweight,Mobility,2x45s,time,hold,new,,,,,,,,
Band Dislocate Stretch,Bodyweight,Mobility,2x45s,time,hold,new,,,,,,,,
Ankle Circles Stretch,Bodyweight,Mobility,2x45s,time,hold,new,,,,,,,,
Deep Squat Hold Stretch,Bodyweight,Mobility,2x60s,time,hold,new,,,,,,,,
Hip Flexor Stretch,Bodyweight,Mobility,2x45s,time,hold,new,,,,,,,,
Hamstring Stretch,Bodyweight,Mobility,2x45s,time,hold,new,,,,,,,,
Pigeon Pose Stretch,Bodyweight,Mobility,2x60s,time,hold,new,,,,,,,,
Child's Pose Stretch,Bodyweight,Mobility,2x60s,time,hold,new,,,,,,,,
Downward-Facing Dog Stretch,Bodyweight,Mobility,2x45s,time,hold,new,,,,,,,,
Cobra Pose Stretch,Bodyweight,Mobility,2x45s,time,hold,new,,,,,,,,
Seated Forward Fold Stretch,Bodyweight,Mobility,2x45s,time,hold,new,,,,,,,,
Standing Quad Stretch,Bodyweight,Mobility,2x45s,time,hold,new,,,,,,,,
Calf Stretch on Wall,Bodyweight,Mobility,2x45s,time,hold,new,,,,,,,,
Doorway Chest Stretch,Bodyweight,Mobility,2x45s,time,hold,new,,,,,,,,
Cross Body Shoulder Stretch,Bodyweight,Mobility,2x45s,time,hold,new,,,,,,,,
Overhead Triceps Stretch,Bodyweight,Mobility,2x45s,time,hold,new,,,,,,,,
Neck Side Stretch,Bodyweight,Mobility,2x30s,time,hold,new,,,,,,,,
Levator Scapulae Stretch,Bodyweight,Mobility,2x30s,time,hold,new,,,,,,,,
Wrist Flexor Stretch,Bodyweight,Mobility,2x30s,time,hold,new,,,,,,,,
Wrist Extensor Stretch,Bodyweight,Mobility,2x30s,time,hold,new,,,,,,,,
Butterfly Groin Stretch,Bodyweight,Mobility,2x45s,time,hold,new,,,,,,,,
Seated Spinal Twist Stretch,Bodyweight,Mobility,2x45s,time,hold,new,,,,,,,,
Lying Glute Stretch,Bodyweight,Mobility,2x45s,time,hold,new,,,,,,,,
Standing IT Band Stretch,Bodyweight,Mobility,2x45s,time,hold,new,,,,,,,,
Lat Stretch on Rack,Bodyweight,Mobility,2x45s,time,hold,new,,,,,,,,
Puppy Pose Stretch,Bodyweight,Mobility,2x45s,time,hold,new,,,,,,,,
Thread the Needle Stretch,Bodyweight,Mobility,2x45s,time,hold,new,,,,,,,,
Foam Rolling Quads,Bodyweight,Mobility,2x60s,time,hold,new,,,,,,,,
Foam Rolling IT Band,Bodyweight,Mobility,2x60s,time,hold,new,,,,,,,,
Foam Rolling Thoracic Spine,Bodyweight,Mobility,2x60s,time,hold,new,,,,,,,,
Foam Rolling Glutes,Bodyweight,Mobility,2x60s,time,hold,new,,,,,,,,
Foam Rolling Calves,Bodyweight,Mobility,2x60s,time,hold,new,,,,,,,,
Foam Rolling Lats,Bodyweight,Mobility,2x60s,time,hold,new,,,,,,,,
Shrimp Squat,Bodyweight,Quadriceps,3x8,reps,strength,new,,,,,,,,
Skater Squat,Bodyweight,Quadriceps,3x10,reps,strength,new,,,,,,,,
Chair Squat,Bodyweight,Quadriceps,3x15,reps,strength,new,,,,,,,,
Step Up (Bodyweight),Bodyweight,Quadriceps,3x15,reps,strength,new,,,,,,,,
Duck Walk,Bodyweight,Quadriceps,3x20m,distance,cardio,new,,,,,,,,
Jump Lunge,Bodyweight,Quadriceps,3x12,reps,strength,new,,,,,,,,
Broad Jump,Bodyweight,Glutes,4x5,reps,strength,new,,,,,,,,
Single Leg Glute Bridge March,Bodyweight,Glutes,3x12,reps,strength,new,,,,,,,,
Frog Pump,Bodyweight,Glutes,3x20,reps,strength,new,,,,,,,,
Donkey Kick,Bodyweight,Glutes,3x15,reps,strength,new,,,,,,,,
Fire Hydrant,Bodyweight,Abductors,3x15,reps,strength,new,,,,,,,,
Standing Calf Raise (Bodyweight),Bodyweight,Calves,3x20,reps,strength,new,,,,,,,,
Single Leg Calf Raise (Bodyweight),Bodyweight,Calves,3x15,reps,strength,new,,,,,,,,
Wide Push Up,Bodyweight,Chest,3x12,reps,strength,new,,,,,,,,
Close Grip Push Up,Bodyweight,Triceps,3x12,reps,strength,new,,,,,,,,
Archer Push Up,Bodyweight,Chest,3x8,reps,strength,new,,,,,,,,
Hindu Push Up,Bodyweight,Shoulders,3x10,reps,strength,new,,,,,,,,
Spiderman Push Up,Bodyweight,Chest,3x10,reps,strength,new,,,,,,,,
Staggered Push Up,Bodyweight,Chest,3x10,reps,strength,new,,,,,,,,
Wall Push Up,Bodyweight,Chest,3x15,reps,strength,new,,,,,,,,
Explosive Push Up,Bodyweight,Chest,3x8,reps,strength,new,,,,,,,,
Tempo Push Up,Bodyweight,Chest,3x8,reps,strength,new,,,,,,,,
Chair Incline Push Up,Bodyweight,Chest,3x12,reps,strength,new,,,,,,,,
Chair Dip,Bodyweight,Triceps,3x12,reps,strength,new,,,,,,,,
Chair Step Up,Bodyweight,Quadriceps,3x12,reps,strength,new,,,,,,,,
Chair Bulgarian Split Squat,Bodyweight,Quadriceps,3x10,reps,strength,new,,,,,,,,
Towel Row,Bodyweight,Upper Back,3x12,reps,strength,new,,,,,,,,
Table Row,Bodyweight,Upper Back,3x10,reps,strength,new,,,,,,,,
Doorway Row,Bodyweight,Upper Back,3x12,reps,strength,new,,,,,,,,
Superman Pull,Bodyweight,Lower Back,3x15,reps,strength,new,,,,,,,,
Prone Y Raise,Bodyweight,Shoulders,3x15,reps,strength,new,,,,,,,,
Prone T Raise,Bodyweight,Upper Back,3x15,reps,strength,new,,,,,,,,
Prone W Raise,Bodyweight,Upper Back,3x15,reps,strength,new,,,,,,,,
Band Face Pull,Bodyweight,Upper Back,3x15,reps,strength,new,,,,,,,,
Band Bicep Curl,Bodyweight,Biceps,3x15,reps,strength,new,,,,,,,,
Band Tricep Extension,Bodyweight,Triceps,3x15,reps,strength,new,,,,,,,,
Band Shoulder Press,Bodyweight,Shoulders,3x15,reps,strength,new,,,,,,,,
Band Good Morning,Bodyweight,Hamstrings,3x15,reps,strength,new,,,,,,,,
Band Hip Thrust,Bodyweight,Glutes,3x20,reps,strength,new,,,,,,,,
Band Monster Walk,Bodyweight,Abductors,3x20m,distance,cardio,new,,,,,,,,
Flutter Kick,Bodyweight,Abdominals,3x30,reps,strength,new,,,,,,,,
Scissor Kick,Bodyweight,Abdominals,3x30,reps,strength,new,,,,,,,,
Heel Tap,Bodyweight,Abdominals,3x20,reps,strength,new,,,,,,,,
Toe Touch Crunch,Bodyweight,Abdominals,3x20,reps,strength,new,,,,,,,,
Side Plank Dip,Bodyweight,Abdominals,3x15,reps,hold,new,,,,,,,,
Plank Shoulder Tap,Bodyweight,Abdominals,3x20,reps,hold,new,,,,,,,,
Plank Jack,Bodyweight,Abdominals,3x20,reps,hold,new,,,,,,,,
Bear Crawl Hold,Bodyweight,Full Body,3x30s,time,hold,new,,,,,,,,
Butt Kicks,Bodyweight,Cardio,3x30s,time,cardio,new,,,,,,,,
Star Jump,Bodyweight,Full Body,3x20,reps,strength,new,,,,,,,,
Skater Jump,Bodyweight,Quadriceps,3x20,reps,strength,new,,,,,,,,
Squat Thrust,Bodyweight,Full Body,3x15,reps,strength,new,,,,,,,,
Inchworm,Bodyweight,Full Body,3x10,reps,strength,new,,,,,,,,
Shadow Boxing,Conditioning,Cardio,3x3min,time,cardio,new,,,,,,,,
Stair Sprints,Cardio Outdoor,Cardio,6x30s,time,cardio,new,,,,,,,,
Burpee Pull Up,Bodyweight,Full Body,3x8,reps,strength,new,,,,,,,,
Isometric Squat Hold,Bodyweight,Quadriceps,3x45s,time,hold,new,,,,,,,,
Isometric Push Up Hold,Bodyweight,Chest,3x30s,time,hold,new,,,,,,,,
Isometric Lunge Hold,Bodyweight,Quadriceps,3x45s,time,hold,new,,,,,,,,
Glute Bridge Hold,Bodyweight,Glutes,3x45s,time,hold,new,,,,,,,,
Straddle Planche Hold,Bodyweight,Shoulders,4x10s,time,hold,new,,,,,,,,
Advanced Tuck Planche Hold,Bodyweight,Shoulders,4x15s,time,hold,new,,,,,,,,
Tuck Front Lever Hold,Bodyweight,Lats,4x20s,time,hold,new,,,,,,,,
One Arm Pull Up,Bodyweight,Lats,3x3,reps,strength,new,,,,,,,,
Commando Pull Up,Bodyweight,Lats,3x8,reps,strength,new,,,,,,,,
Around the World Pull Up,Bodyweight,Lats,3x6,reps,strength,new,,,,,,,,
Explosive Pull Up,Bodyweight,Lats,4x5,reps,strength,new,,,,,,,,
Clap Pull Up,Bodyweight,Lats,4x4,reps,strength,new,,,,,,,,
Kipping Toes to Bar,Bodyweight,Abdominals,4x10,reps,strength,new,,,,,,,,
Muscle Up Transition,Bodyweight,Lats,4x5,reps,strength,new,,,,,,,,
Handstand Walk,Bodyweight,Shoulders,4x10m,distance,cardio,new,,,,,,,,
Freestanding Handstand Hold,Bodyweight,Shoulders,4x20s,time,hold,new,,,,,,,,
Wall Handstand Hold,Bodyweight,Shoulders,4x30s,time,hold,new,,,,,,,,
Headstand Hold,Bodyweight,Shoulders,3x45s,time,hold,new,,,,,,,,
Crow Pose,Bodyweight,Shoulders,3x20s,time,hold,new,,,,,,,,
Frog Stand Hold,Bodyweight,Shoulders,3x20s,time,hold,new,,,,,,,,
Elbow Lever Hold,Bodyweight,Abdominals,3x15s,time,hold,new,,,,,,,,
Back Bridge Hold,Bodyweight,Lower Back,3x30s,time,hold,new,,,,,,,,
Wall Walk,Bodyweight,Shoulders,4x5,reps,cardio,new,,,,,,,,
Iron Cross Hold,Bodyweight,Chest,4x8s,time,hold,new,,,,,,,,
Victorian Cross Hold,Bodyweight,Chest,4x5s,time,hold,new,,,,,,,,
Maltese Hold,Bodyweight,Chest,4x5s,time,hold,new,,,,,,,,
One Arm Push Up Negative,Bodyweight,Chest,3x5,reps,strength,new,,,,,,,,
90 Degree Push Up,Bodyweight,Chest,3x5,reps,strength,new,,,,,,,,
Superman Push Up,Bodyweight,Chest,3x6,reps,strength,new,,,,,,,,
Aztec Push Up,Bodyweight,Chest,3x5,reps,strength,new,,,,,,,,
Russian Dip,Bodyweight,Triceps,3x8,reps,strength,new,,,,,,,,
Korean Dip,Bodyweight,Triceps,3x8,reps,strength,new,,,,,,,,
Straight Bar Dip,Bodyweight,Chest,3x10,reps,strength,new,,,,,,,,
Bulgarian Dip,Bodyweight,Chest,3x8,reps,strength,new,,,,,,,,
Impossible Dip,Bodyweight,Chest,3x5,reps,strength,new,,,,,,,,
Box Drop,Bodyweight,Quadriceps,4x5,reps,strength,new,,,,,,,,
Lateral Bound,Bodyweight,Glutes,4x8,reps,strength,new,,,,,,,,
Single Leg Bound,Bodyweight,Glutes,4x6,reps,strength,new,,,,,,,,
Lateral Skater Bound,Bodyweight,Glutes,4x10,reps,strength,new,,,,,,,,
Split Jump,Bodyweight,Quadriceps,4x10,reps,strength,new,,,,,,,,
Scissor Jump,Bodyweight,Quadriceps,4x12,reps,strength,new,,,,,,,,
Squat Jump to Box,Bodyweight,Quadriceps,4x6,reps,strength,new,,,,,,,,
Continuous Box Jump,Bodyweight,Quadriceps,4x8,reps,strength,new,,,,,,,,
Seated Box Jump,Bodyweight,Quadriceps,4x5,reps,strength,new,,,,,,,,
Reactive Hurdle Jump,Bodyweight,Calves,4x8,reps,strength,new,,,,,,,,
Triple Jump,Bodyweight,Glutes,4x4,reps,strength,new,,,,,,,,
Ankle Hop,Bodyweight,Calves,3x20,reps,strength,new,,,,,,,,
Power Skip,Bodyweight,Glutes,4x20m,distance,cardio,new,,,,,,,,
Depth Drop to Broad Jump,Bodyweight,Glutes,4x5,reps,strength,new,,,,,,,,
Plyo Push Up,Bodyweight,Chest,4x6,reps,strength,new,,,,,,,,
Drop Push Up,Bodyweight,Chest,4x6,reps,strength,new,,,,,,,,
Clap Push Up to Box,Bodyweight,Chest,4x6,reps,strength,new,,,,,,,,
Med Ball Scoop Toss,Conditioning,Full Body,4x8,reps,strength,new,,,,,,,,
Med Ball Side Toss,Conditioning,Abdominals,4x8,reps,strength,new,,,,,,,,
Med Ball Overhead Slam,Conditioning,Full Body,4x10,reps,strength,new,,,,,,,,
Kneeling Med Ball Throw,Conditioning,Chest,4x8,reps,strength,new,,,,,,,,
Vertical Jump Test,Bodyweight,Quadriceps,3x3,reps,strength,new,,,,,,,,
Standing Long Jump Test,Bodyweight,Glutes,3x3,reps,strength,new,,,,,,,,
Jefferson Deadlift,Barbell,Glutes,4x6,reps,strength,new,,,,,,,,
Snatch Grip Deadlift,Barbell,Upper Back,4x5,reps,strength,new,,,,,,,,
Suitcase Deadlift,Dumbbell,Abdominals,3x10,reps,strength,new,,,,,,,,
Behind the Neck Press,Barbell,Shoulders,4x8,reps,strength,new,,,,,,,,
Bradford Press,Barbell,Shoulders,3x10,reps,strength,new,,,,,,,,
Half Kneeling Press,Dumbbell,Shoulders,3x10,reps,strength,new,,,,,,,,
Landmine Lateral Raise,Barbell,Shoulders,3x12,reps,strength,new,,,,,,,,
Landmine Anti Rotation,Barbell,Abdominals,3x12,reps,strength,new,,,,,,,,
Meadows Row,Barbell,Upper Back,4x10,reps,strength,new,,,,,,,,
Kroc Row,Dumbbell,Upper Back,3x15,reps,strength,new,,,,,,,,
Inverted Row Feet Elevated,Bodyweight,Upper Back,3x12,reps,strength,new,,,,,,,,
Cable Pullover,Machine,Lats,3x12,reps,strength,new,,,,,,,,
Tate Press,Dumbbell,Triceps,3x12,reps,strength,new,,,,,,,,
Tricep Kickback,Dumbbell,Triceps,3x15,reps,strength,new,,,,,,,,
Cuban Rotation,Dumbbell,Shoulders,3x12,reps,strength,new,,,,,,,,
Scapular Push Up,Bodyweight,Upper Back,3x15,reps,strength,new,,,,,,,,
Serratus Punch,Dumbbell,Chest,3x15,reps,strength,new,,,,,,,,
Copenhagen Adduction,Bodyweight,Adductors,3x10,reps,strength,new,,,,,,,,
45 Degree Hyper,Machine,Lower Back,3x15,reps,strength,new,,,,,,,,
Standing Ab Wheel,Bodyweight,Abdominals,3x6,reps,strength,new,,,,,,,,
Jefferson Curl (Dumbbell),Dumbbell,Lower Back,3x8,reps,strength,new,,,,,,,,
Jefferson Curl Stretch,Bodyweight,Mobility,2x45s,time,hold,new,,,,,,,,
Shoulder Dislocate Stretch,Bodyweight,Mobility,2x45s,time,hold,new,,,,,,,,
Scapular Wall Slide Stretch,Bodyweight,Mobility,2x45s,time,hold,new,,,,,,,,
Prone Press Up Stretch,Bodyweight,Mobility,2x45s,time,hold,new,,,,,,,,
Frog Stretch,Bodyweight,Mobility,2x60s,time,hold,new,,,,,,,,
Lizard Pose Stretch,Bodyweight,Mobility,2x60s,time,hold,new,,,,,,,,
Half Kneeling Hip Flexor Stretch,Bodyweight,Mobility,2x45s,time,hold,new,,,,,,,,
Standing Side Bend Stretch,Bodyweight,Mobility,2x30s,time,hold,new,,,,,,,,
Neck Rotation Stretch,Bodyweight,Mobility,2x30s,time,hold,new,,,,,,,,
Chin Tuck Stretch,Bodyweight,Mobility,2x30s,time,hold,new,,,,,,,,
Wrist Circles Stretch,Bodyweight,Mobility,2x30s,time,hold,new,,,,,,,,
Shoulder Circles Stretch,Bodyweight,Mobility,2x30s,time,hold,new,,,,,,,,
Hip Circles Stretch,Bodyweight,Mobility,2x30s,time,hold,new,,,,,,,,
Leg Swings Stretch,Bodyweight,Mobility,2x30s,time,hold,new,,,,,,,,
Arm Circles Stretch,Bodyweight,Mobility,2x30s,time,hold,new,,,,,,,,
Torso Twist Stretch,Bodyweight,Mobility,2x30s,time,hold,new,,,,,,,,
Knee Hug Stretch,Bodyweight,Mobility,2x30s,time,hold,new,,,,,,,,
Ankle Dorsiflexion Stretch,Bodyweight,Mobility,2x45s,time,hold,new,,,,,,,,
Calf Wall Stretch,Bodyweight,Mobility,2x45s,time,hold,new,,,,,,,,
Sciatic Nerve Glide Stretch,Bodyweight,Mobility,2x30s,time,hold,new,,,,,,,,
Median Nerve Glide Stretch,Bodyweight,Mobility,2x30s,time,hold,new,,,,,,,,
Thread the Needle Pose,Bodyweight,Mobility,2x45s,time,hold,new,,,,,,,,
Happy Baby Pose,Bodyweight,Mobility,2x60s,time,hold,new,,,,,,,,
Supine Twist Pose,Bodyweight,Mobility,2x60s,time,hold,new,,,,,,,,
Sphinx Pose,Bodyweight,Mobility,2x45s,time,hold,new,,,,,,,,
Bow Pose,Bodyweight,Mobility,2x30s,time,hold,new,,,,,,,,
Camel Pose,Bodyweight,Mobility,2x30s,time,hold,new,,,,,,,,
Bridge Pose,Bodyweight,Mobility,2x45s,time,hold,new,,,,,,,,
Warrior I Pose,Bodyweight,Mobility,2x45s,time,hold,new,,,,,,,,
Warrior II Pose,Bodyweight,Mobility,2x45s,time,hold,new,,,,,,,,
Triangle Pose,Bodyweight,Mobility,2x45s,time,hold,new,,,,,,,,
Tree Pose,Bodyweight,Mobility,2x45s,time,hold,new,,,,,,,,
Chair Pose,Bodyweight,Mobility,2x45s,time,hold,new,,,,,,,,
Eagle Pose,Bodyweight,Mobility,2x30s,time,hold,new,,,,,,,,
Cow Face Pose,Bodyweight,Mobility,2x45s,time,hold,new,,,,,,,,
Reclined Pigeon Pose,Bodyweight,Mobility,2x60s,time,hold,new,,,,,,,,
Standing Forward Fold Stretch,Bodyweight,Mobility,2x45s,time,hold,new,,,,,,,,
Wide Legged Forward Fold Stretch,Bodyweight,Mobility,2x45s,time,hold,new,,,,,,,,
Low Lunge Stretch,Bodyweight,Mobility,2x45s,time,hold,new,,,,,,,,
Foam Rolling Hamstrings,Bodyweight,Mobility,2x60s,time,hold,new,,,,,,,,
Foam Rolling Adductors,Bodyweight,Mobility,2x60s,time,hold,new,,,,,,,,
Foam Rolling Pecs,Bodyweight,Mobility,2x60s,time,hold,new,,,,,,,,
Foam Rolling Tibialis,Bodyweight,Mobility,2x60s,time,hold,new,,,,,,,,
Lacrosse Ball Glute Release Stretch,Bodyweight,Mobility,2x60s,time,hold,new,,,,,,,,
Lacrosse Ball Foot Release Stretch,Bodyweight,Mobility,2x60s,time,hold,new,,,,,,,,
Banded Hip Distraction Stretch,Bodyweight,Mobility,2x60s,time,hold,new,,,,,,,,
Banded Shoulder Distraction Stretch,Bodyweight,Mobility,2x60s,time,hold,new,,,,,,,,
Banded Ankle Distraction Stretch,Bodyweight,Mobility,2x60s,time,hold,new,,,,,,,,
External Rotation (Cable),Machine,Shoulders,3x15,reps,strength,new,,,,,,,,
Internal Rotation (Cable),Machine,Shoulders,3x15,reps,strength,new,,,,,,,,
Prone External Rotation,Dumbbell,Shoulders,3x15,reps,strength,new,,,,,,,,
Side Lying External Rotation,Dumbbell,Shoulders,3x15,reps,strength,new,,,,,,,,
Full Can Raise,Dumbbell,Shoulders,3x15,reps,strength,new,,,,,,,,
Empty Can Raise,Dumbbell,Shoulders,3x12,reps,strength,new,,,,,,,,
Scaption Raise,Dumbbell,Shoulders,3x15,reps,strength,new,,,,,,,,
Sleeper Stretch,Bodyweight,Mobility,2x45s,time,hold,new,,,,,,,,
Wall Angel,Bodyweight,Upper Back,3x15,reps,strength,new,,,,,,,,
Band Pull Apart Overhead,Bodyweight,Shoulders,3x15,reps,strength,new,,,,,,,,
Blackburn Exercise,Bodyweight,Upper Back,3x12,reps,strength,new,,,,,,,,
Bottoms Up Carry,Kettlebell,Shoulders,3x30m,distance,carry,new,,,,,,,,
Neck Curl,Bodyweight,Neck,3x15,reps,strength,new,,,,,,,,
Neck Lateral Flexion,Bodyweight,Neck,3x15,reps,strength,new,,,,,,,,
Neck Harness Extension,Machine,Neck,3x15,reps,strength,new,,,,,,,,
Plate Pinch Hold,Bodyweight,Forearms,3x30s,time,hold,new,,,,,,,,
Fat Grip Hold,Barbell,Forearms,3x30s,time,hold,new,,,,,,,,
Farmer Hold,Dumbbell,Forearms,3x45s,time,hold,new,,,,,,,,
Captains of Crush Grip,Bodyweight,Forearms,3x10,reps,strength,new,,,,,,,,
Towel Pull Up Hold,Bodyweight,Forearms,3x20s,time,hold,new,,,,,,,,
Bar Hang Hold,Bodyweight,Forearms,3x45s,time,hold,new,,,,,,,,
Two Finger Hang Hold,Bodyweight,Forearms,3x15s,time,hold,new,,,,,,,,
Hub Lift,Bodyweight,Forearms,3x8,reps,strength,new,,,,,,,,
Smith Machine Calf Raise,Machine,Calves,4x15,reps,strength,new,,,,,,,,
Leg Press Calf Raise,Machine,Calves,4x15,reps,strength,new,,,,,,,,
Standing Leg Curl,Machine,Hamstrings,3x12,reps,strength,new,,,,,,,,
Reverse Pec Deck,Machine,Upper Back,3x15,reps,strength,new,,,,,,,,
Assisted Pull Up Machine,Machine,Lats,3x10,reps,strength,new,,,,,,,,
Nautilus Pullover,Machine,Lats,3x12,reps,strength,new,,,,,,,,
Cable Crossover High,Machine,Chest,3x15,reps,strength,new,,,,,,,,
Cable Crossover Low,Machine,Chest,3x15,reps,strength,new,,,,,,,,
Kneeling Cable Crunch,Machine,Abdominals,3x15,reps,strength,new,,,,,,,,
Bayesian Curl,Machine,Biceps,3x12,reps,strength,new,,,,,,,,
Cable Rope Hammer Curl,Machine,Biceps,3x15,reps,strength,new,,,,,,,,
Single Arm Cable Kickback,Machine,Triceps,3x15,reps,strength,new,,,,,,,,
Bench Dip Weighted,Bodyweight,Triceps,3x12,reps,strength,new,,,,,,,,
Leaning Cable Lateral Raise,Machine,Shoulders,3x15,reps,strength,new,,,,,,,,
Cable Rear Delt Row,Machine,Upper Back,3x15,reps,strength,new,,,,,,,,
Face Pull Rope,Machine,Upper Back,3x15,reps,strength,new,,,,,,,,
Boxing Heavy Bag,Conditioning,Cardio,3x3min,time,cardio,new,,,,,,,,
Speed Bag Boxing,Conditioning,Shoulders,3x2min,time,cardio,new,,,,,,,,
Jump Rope Crossover,Conditioning,Cardio,3x60s,time,cardio,new,,,,,,,,
Sprint Start,Cardio Outdoor,Cardio,6x20m,distance,cardio,new,,,,,,,,
Agility Ladder,Conditioning,Cardio,4x30s,time,cardio,new,,,,,,,,
Cone Drill,Conditioning,Cardio,4x30s,time,cardio,new,,,,,,,,
T Drill,Conditioning,Cardio,4x1,reps,cardio,new,,,,,,,,
Pro Agility Shuttle,Cardio Outdoor,Cardio,6x20m,distance,cardio,new,,,,,,,,
Sledge Tire Strike,Conditioning,Full Body,4x20,reps,strength,new,,,,,,,,
Climbing Hangboard Hold,Bodyweight,Forearms,5x10s,time,hold,new,,,,,,,,
Campus Board,Bodyweight,Lats,4x6,reps,strength,new,,,,,,,,
Rowing Erg Sprint,Cardio Machine,Cardio,6x250m,distance,cardio,new,,,,,,,,
Swim Freestyle,Cardio Outdoor,Cardio,4x100m,distance,cardio,new,,,,,,,,
Swim Breaststroke,Cardio Outdoor,Cardio,4x100m,distance,cardio,new,,,,,,,,
Swim Butterfly,Cardio Outdoor,Cardio,4x50m,distance,cardio,new,,,,,,,,
Pilates Hundred,Bodyweight,Abdominals,3x100,reps,strength,new,,,,,,,,
Pilates Roll Up,Bodyweight,Abdominals,3x10,reps,strength,new,,,,,,,,
Pilates Teaser,Bodyweight,Abdominals,3x8,reps,strength,new,,,,,,,,
Pilates Swan,Bodyweight,Lower Back,3x10,reps,strength,new,,,,,,,,
Pilates Side Kick,Bodyweight,Glutes,3x15,reps,strength,new,,,,,,,,
Beast Crawl,Bodyweight,Full Body,3x20,reps,strength,new,,,,,,,,
Crab Reach,Bodyweight,Shoulders,3x10,reps,strength,new,,,,,,,,
Ape Reach,Bodyweight,Adductors,3x10,reps,strength,new,,,,,,,,
Scorpion Reach,Bodyweight,Lower Back,3x10,reps,strength,new,,,,,,,,
Loaded Beast Hold,Bodyweight,Shoulders,3x30s,time,hold,new,,,,,,,,
Bear Complex,Barbell,Full Body,5x7,reps,strength,new,,,,,,,,
A Skip,Cardio Outdoor,Cardio,4x20m,distance,cardio,new,,,,,,,,
B Skip,Cardio Outdoor,Cardio,4x20m,distance,cardio,new,,,,,,,,
High Knee Run,Cardio Outdoor,Cardio,4x20m,distance,cardio,new,,,,,,,,
Butt Kick Run,Cardio Outdoor,Cardio,4x20m,distance,cardio,new,,,,,,,,
Wall Drill,Conditioning,Quadriceps,4x20s,time,cardio,new,,,,,,,,
Falling Start Sprint,Cardio Outdoor,Cardio,6x15m,distance,cardio,new,,,,,,,,
Flying Sprint,Cardio Outdoor,Cardio,5x30m,distance,cardio,new,,,,,,,,
Tempo Run,Cardio Outdoor,Cardio,3x1000m,distance,cardio,new,,,,,,,,
Fartlek Run,Cardio Outdoor,Cardio,1x5000m,distance,cardio,new,,,,,,,,
Hill Sprint,Cardio Outdoor,Cardio,8x40m,distance,cardio,new,,,,,,,,
Stride Out Run,Cardio Outdoor,Cardio,6x100m,distance,cardio,new,,,,,,,,
Box Step Over,Conditioning,Quadriceps,4x10,reps,strength,new,,,,,,,,
Burpee Box Jump Over,Conditioning,Full Body,4x10,reps,strength,new,,,,,,,,
Burpee Deadlift,Barbell,Full Body,4x8,reps,strength,new,,,,,,,,
Burpee Tuck Jump,Bodyweight,Full Body,4x10,reps,strength,new,,,,,,,,
Broad Jump Burpee,Bodyweight,Full Body,4x8,reps,strength,new,,,,,,,,
Sprawl,Bodyweight,Full Body,4x15,reps,strength,new,,,,,,,,
Dumbbell Snatch Alternating,Dumbbell,Shoulders,4x10,reps,strength,new,,,,,,,,
Dumbbell Thruster,Dumbbell,Shoulders,4x10,reps,strength,new,,,,,,,,
Kettlebell Swing American,Kettlebell,Glutes,4x15,reps,strength,new,,,,,,,,
Chest to Bar Pull Up,Bodyweight,Lats,4x8,reps,strength,new,,,,,,,,
Handstand Push Up Kipping,Bodyweight,Shoulders,4x8,reps,strength,new,,,,,,,,
Jump Rope Double Under,Conditioning,Cardio,4x40,reps,cardio,new,,,,,,,,
Jump Rope Single Under,Conditioning,Cardio,4x80,reps,cardio,new,,,,,,,,
Sandbag Squat,Conditioning,Quadriceps,4x12,reps,strength,new,,,,,,,,
Slam Ball Squat,Conditioning,Quadriceps,4x12,reps,strength,new,,,,,,,,
Med Ball Clean,Conditioning,Full Body,4x10,reps,strength,new,,,,,,,,
Wall Ball Over Shoulder,Conditioning,Full Body,4x10,reps,strength,new,,,,,,,,
Plank to Push Up,Bodyweight,Chest,3x12,reps,hold,new,,,,,,,,
Lunge to Press,Dumbbell,Full Body,4x10,reps,strength,new,,,,,,,,
Clean to Overhead,Barbell,Full Body,4x6,reps,strength,new,,,,,,,,
Cross Body Mountain Climber,Bodyweight,Abdominals,3x30,reps,strength,new,,,,,,,,
Speed Skater,Bodyweight,Quadriceps,3x20,reps,strength,new,,,,,,,,
Squat Pulse,Bodyweight,Quadriceps,3x20,reps,strength,new,,,,,,,,
Glute Bridge Pulse,Bodyweight,Glutes,3x25,reps,strength,new,,,,,,,,
Lateral Shuffle Drill,Conditioning,Cardio,4x20m,distance,cardio,new,,,,,,,,
Carioca Drill,Conditioning,Cardio,4x20m,distance,cardio,new,,,,,,,,
Suicide Run,Cardio Outdoor,Cardio,4x1,reps,cardio,new,,,,,,,,
Incline Treadmill Walk,Cardio Machine,Cardio,1x20min,time,cardio,new,,,,,,,,
Weighted Vest Walk,Cardio Outdoor,Cardio,1x30min,time,cardio,new,,,,,,,,
Ruck Walk,Cardio Outdoor,Cardio,1x5000m,distance,cardio,new,,,,,,,,
Straight Leg Raise,Bodyweight,Quadriceps,3x15,reps,strength,new,,,,,,,,
Short Arc Quad,Bodyweight,Quadriceps,3x15,reps,strength,new,,,,,,,,
Quad Set Hold,Bodyweight,Quadriceps,3x10s,time,hold,new,,,,,,,,
Heel Slide,Bodyweight,Quadriceps,3x15,reps,strength,new,,,,,,,,
Wall Sit Isometric,Bodyweight,Quadriceps,3x45s,time,hold,new,,,,,,,,
Step Down Eccentric,Bodyweight,Quadriceps,3x10,reps,strength,new,,,,,,,,
Spanish Squat Isometric,Bodyweight,Quadriceps,3x30s,time,hold,new,,,,,,,,
Single Leg Balance Hold,Bodyweight,Quadriceps,3x30s,time,hold,new,,,,,,,,
Terminal Knee Extension Band,Bodyweight,Quadriceps,3x15,reps,strength,new,,,,,,,,
Patellar Tendon Isometric,Bodyweight,Quadriceps,3x45s,time,hold,new,,,,,,,,
VMO Squeeze,Bodyweight,Quadriceps,3x15,reps,strength,new,,,,,,,,
Pendulum Swing,Bodyweight,Shoulders,3x20,reps,strength,new,,,,,,,,
Codman Circle,Bodyweight,Shoulders,3x20,reps,strength,new,,,,,,,,
Passive Shoulder Flexion,Bodyweight,Shoulders,3x12,reps,strength,new,,,,,,,,
Table Slide,Bodyweight,Shoulders,3x12,reps,strength,new,,,,,,,,
Towel Stretch Shoulder,Bodyweight,Mobility,2x45s,time,hold,new,,,,,,,,
Isometric Shoulder Abduction,Bodyweight,Shoulders,3x20s,time,hold,new,,,,,,,,
Isometric Shoulder External Rotation,Bodyweight,Shoulders,3x20s,time,hold,new,,,,,,,,
Scapular Retraction,Bodyweight,Upper Back,3x15,reps,strength,new,,,,,,,,
Scapular Depression,Bodyweight,Upper Back,3x15,reps,strength,new,,,,,,,,
Serratus Wall Slide,Bodyweight,Chest,3x12,reps,strength,new,,,,,,,,
Prone Horizontal Abduction,Bodyweight,Upper Back,3x15,reps,strength,new,,,,,,,,
Pelvic Tilt,Bodyweight,Lower Back,3x15,reps,strength,new,,,,,,,,
Glute Bridge March Rehab,Bodyweight,Glutes,3x12,reps,strength,new,,,,,,,,
Cat Camel,Bodyweight,Mobility,3x12,reps,strength,new,,,,,,,,
Prone Extension,Bodyweight,Lower Back,3x12,reps,strength,new,,,,,,,,
Curl Up McGill,Bodyweight,Abdominals,3x10,reps,strength,new,,,,,,,,
Side Bridge McGill Hold,Bodyweight,Abdominals,3x30s,time,hold,new,,,,,,,,
Bird Dog Rehab,Bodyweight,Lower Back,3x12,reps,hold,new,,,,,,,,
Nerve Flossing Sciatic,Bodyweight,Hamstrings,3x12,reps,strength,new,,,,,,,,
Lumbar Rotation Stretch,Bodyweight,Mobility,2x45s,time,hold,new,,,,,,,,
Standing Extension,Bodyweight,Lower Back,3x12,reps,strength,new,,,,,,,,
Ankle Alphabet,Bodyweight,Calves,3x2,reps,strength,new,,,,,,,,
Calf Raise Eccentric,Bodyweight,Calves,3x15,reps,strength,new,,,,,,,,
Heel Walk,Bodyweight,Calves,3x20m,distance,cardio,new,,,,,,,,
Toe Walk,Bodyweight,Calves,3x20m,distance,cardio,new,,,,,,,,
Ankle Inversion Band,Bodyweight,Calves,3x15,reps,strength,new,,,,,,,,
Ankle Eversion Band,Bodyweight,Calves,3x15,reps,strength,new,,,,,,,,
Towel Scrunch,Bodyweight,Calves,3x20,reps,strength,new,,,,,,,,
Achilles Eccentric Drop,Bodyweight,Calves,3x15,reps,strength,new,,,,,,,,
Side Lying Hip Abduction,Bodyweight,Abductors,3x15,reps,strength,new,,,,,,,,
Fire Hydrant Rehab,Bodyweight,Abductors,3x15,reps,strength,new,,,,,,,,
Hip Airplane,Bodyweight,Glutes,3x8,reps,strength,new,,,,,,,,
Standing Hip CAR,Bodyweight,Glutes,3x8,reps,strength,new,,,,,,,,
Adductor Squeeze Isometric,Bodyweight,Adductors,3x30s,time,hold,new,,,,,,,,
Glute Med Isometric,Bodyweight,Abductors,3x30s,time,hold,new,,,,,,,,
Wrist Flexion Eccentric,Dumbbell,Forearms,3x15,reps,strength,new,,,,,,,,
Wrist Extension Eccentric,Dumbbell,Forearms,3x15,reps,strength,new,,,,,,,,
Tyler Twist,Bodyweight,Forearms,3x15,reps,strength,new,,,,,,,,
Reverse Tyler Twist,Bodyweight,Forearms,3x15,reps,strength,new,,,,,,,,
Pronation Supination,Dumbbell,Forearms,3x15,reps,strength,new,,,,,,,,
Nerve Glide Ulnar,Bodyweight,Forearms,3x12,reps,strength,new,,,,,,,,
Grip Squeeze Ball,Bodyweight,Forearms,3x20,reps,strength,new,,,,,,,,
Chin Tuck Rehab,Bodyweight,Neck,3x15,reps,strength,new,,,,,,,,
Deep Neck Flexor Hold,Bodyweight,Neck,3x20s,time,hold,new,,,,,,,,
Upper Trap Stretch Rehab,Bodyweight,Mobility,2x45s,time,hold,new,,,,,,,,
Doorway Pec Stretch Rehab,Bodyweight,Mobility,2x45s,time,hold,new,,,,,,,,
